id;label;format;created_date;updated_date;version;path;filename;filesize;validation_date;engagement_id
1;Savings Account;Towels indexing;2020-11-02T07:15:43;2020-11-02T08:56:13;15622;Baby Central;Squares Concrete Legacy;76280;2020-11-02T09:21:59;1
2;Iceland Krona Personal Loan Account;Tasty Concrete Soap implement re;2020-11-01T13:52:03;2020-11-02T10:27:26;66371;Tasty United Arab Emirates Tuvalu;Serbian Dinar Gloves Associate;46404;2020-11-01T15:29:54;2
3;withdrawal;withdrawal Loaf;2020-11-01T19:08:57;2020-11-02T06:54:01;8199;one-to-one Product;Prairie even-keeled invoice;77048;2020-11-02T02:20:14;3
4;Sports Cheese Cotton;card Concrete;2020-11-02T01:52:57;2020-11-02T08:17:28;57630;Investment Account;recontextualize Granite Plastic;58448;2020-11-01T23:45:44;4
5;Shoes;virtual Investment Account;2020-11-01T21:51:38;2020-11-01T22:43:10;66228;parse Reduced;interfaces Pennsylvania;76389;2020-11-02T03:38:01;5
6;SQL well-modulated Handcrafted Granite Chips;Money Market Account El Salvador;2020-11-01T22:31:11;2020-11-01T21:59:05;24673;partnerships Avon Bacon;compress;516;2020-11-01T19:02:38;6
7;Intelligent Frozen Mouse Legacy;Jewelery Island;2020-11-01T15:45:29;2020-11-02T02:20:01;72803;HTTP synergistic Applications;Investment Account;14622;2020-11-02T06:17:10;7
8;Rustic;Auto Loan Account Bangladesh Cha;2020-11-02T00:07:05;2020-11-01T13:19:34;89229;Montana;JSON quantifying;45194;2020-11-01T15:10:45;8
9;Nepalese Rupee TCP;Networked Clothing;2020-11-02T09:09:02;2020-11-02T09:52:32;91471;Rest Keyboard synergies;pixel Small Nevada;50281;2020-11-02T03:08:25;9
10;CFA Franc BEAC XSS sticky;sky blue protocol Awesome Cotton;2020-11-02T06:45:42;2020-11-02T05:35:04;57494;Pataca;Regional infrastructures;76978;2020-11-02T00:04:49;10
