id;label;identifier;description
1;Strategist hard drive;Sleek Stee;Tasty Metal Chips Soft Health
2;Dynamic product;Rustic;Peru Plastic
3;Greens;Global Rus;Avon Virginia
4;Handcrafted;Kids;engage
5;bandwidth;primary UA;engage Ohio
6;digital Rubber;program po;open-source online
7;Philippine Peso;Gorgeous T;Total Vermont
8;payment;Cambridges;solution-oriented
9;parse Fantastic Rubber Soap;Orchard Me;Terrace middleware process improvement
10;Up-sized Money Market Account;Walks micr;British Indian Ocean Territory (Chagos Archipelago)
