id;table_name;record_id;event_type;event_date;info;host;properties
1;sensor web services;Mobility;calculating modular;2020-11-02T02:35:45;synergies International Assistant;Virginia;../fake-data/blob/hipster.txt
2;composite Solutions;robust Buckinghamshire Awesome Concrete Ball;mobile Saint Pierre and Miquelon;2020-11-01T11:34:17;bypass transmitting;Brand Mozambique;../fake-data/blob/hipster.txt
3;Realigned invoice strategy;override Gorgeous Wooden Shoes Turks and Caicos Islands;deposit;2020-11-01T21:34:35;parse empowering discrete;Upgradable;../fake-data/blob/hipster.txt
4;calculating Shoes;context-sensitive Tasty Singapore Dollar;Ergonomic Rubber Hat withdrawal;2020-11-02T09:10:58;target teal Indiana;transmit THX microchip;../fake-data/blob/hipster.txt
5;cyan Self-enabling;Small Rubber Car;Agent Up-sized;2020-11-02T04:28:20;Manager Mississippi US Dollar;TCP;../fake-data/blob/hipster.txt
6;Jewelery Plastic;dot-com Intelligent Wooden Mouse empower;enterprise;2020-11-01T18:58:37;Intelligent Soft Towels Connecticut Accounts;Books UAE Dirham;../fake-data/blob/hipster.txt
7;Decentralized iterate methodologies;Human;connect grey;2020-11-01T18:27:02;Flat;Automotive;../fake-data/blob/hipster.txt
8;Fish Home Loan Account;Michigan;Small bypass RAM;2020-11-02T05:33:36;bus;Pants;../fake-data/blob/hipster.txt
9;Orchestrator Auto Loan Account;Ergonomic Granite Cheese;SMS;2020-11-01T16:55:25;SSL;Saudi Arabia payment;../fake-data/blob/hipster.txt
10;deliver Unions 1080p;back up AI Integrated;Montana static Luxembourg;2020-11-02T07:07:56;invoice Senegal Rustic;Administrator e-tailers;../fake-data/blob/hipster.txt
