id;description;created_date;user_id;engagement_id
1;../fake-data/blob/hipster.txt;2020-11-08T19:54:23;2;1
2;../fake-data/blob/hipster.txt;2020-11-09T06:33:00;2;2
3;../fake-data/blob/hipster.txt;2020-11-08T17:52:42;1;3
4;../fake-data/blob/hipster.txt;2020-11-09T06:19:40;2;4
5;../fake-data/blob/hipster.txt;2020-11-08T22:22:08;1;5
6;../fake-data/blob/hipster.txt;2020-11-09T02:47:20;1;6
7;../fake-data/blob/hipster.txt;2020-11-08T23:55:17;1;7
8;../fake-data/blob/hipster.txt;2020-11-09T00:33:55;2;8
9;../fake-data/blob/hipster.txt;2020-11-09T03:49:36;1;9
10;../fake-data/blob/hipster.txt;2020-11-08T16:56:31;2;10
