id;identifier;description;param_value_string;param_value_int;param_value_date;updated_date
1;discrete Central African Republic 1080p;Unbranded;Devolved;39722;2020-11-02T08:48:50;2020-11-02T05:43:26
2;Triple-buffered Belize;Tasty drive Dobra;Springs;29317;2020-11-02T06:02:07;2020-11-01T15:21:58
3;Tuna;Agent input Consultant;cultivate Granite;38043;2020-11-01T17:34:17;2020-11-02T04:56:01
4;Shirt Senior Michigan;Cambridgeshire port Auto Loan Account;deposit utilize virtual;63641;2020-11-01T17:57:16;2020-11-01T13:23:03
5;Liaison high-level Grocery;Jewelery;Avon;79440;2020-11-02T06:51:00;2020-11-02T06:15:05
6;Technician Assistant Facilitator;Granite auxiliary;Communications;26013;2020-11-01T12:10:00;2020-11-01T20:35:40
7;grey ROI;Cambridgeshire Horizontal Utah;Officer Ergonomic Granite Gloves deposit;72328;2020-11-01T19:48:38;2020-11-01T20:16:11
8;24/7 open-source cyan;Oval;policy Computers;60094;2020-11-02T02:45:47;2020-11-01T14:47:32
9;yellow Salad;eco-centric Chips dot-com;withdrawal Cape Verde Metal;7969;2020-11-01T16:27:04;2020-11-02T06:14:23
10;generate;turn-key;optical Hong Kong Dollar Steel;91883;2020-11-02T03:34:22;2020-11-02T04:36:39
