id;comment;created_date;task_properties;engagement_properties
1;input;2020-11-01T17:11:50;../fake-data/blob/hipster.txt;../fake-data/blob/hipster.txt
2;Home Intuitive;2020-11-02T09:02:23;../fake-data/blob/hipster.txt;../fake-data/blob/hipster.txt
3;override;2020-11-01T13:42:14;../fake-data/blob/hipster.txt;../fake-data/blob/hipster.txt
4;Licensed Rubber Bike;2020-11-01T15:58:55;../fake-data/blob/hipster.txt;../fake-data/blob/hipster.txt
5;Executive mobile;2020-11-01T12:23:09;../fake-data/blob/hipster.txt;../fake-data/blob/hipster.txt
6;Supervisor;2020-11-01T15:45:42;../fake-data/blob/hipster.txt;../fake-data/blob/hipster.txt
7;JSON Unbranded;2020-11-01T20:27:02;../fake-data/blob/hipster.txt;../fake-data/blob/hipster.txt
8;West Virginia;2020-11-02T09:24:58;../fake-data/blob/hipster.txt;../fake-data/blob/hipster.txt
9;adapter United States of America interface;2020-11-01T11:14:35;../fake-data/blob/hipster.txt;../fake-data/blob/hipster.txt
10;exploit Plastic open-source;2020-11-01T18:22:39;../fake-data/blob/hipster.txt;../fake-data/blob/hipster.txt
